{"cameraMode":{"drawMode":0,"name":"Shaded","section":"Shading Mode"},"sceneLighting":true,"audioPlay":false,"sceneViewState":{"showFog":true,"showMaterialUpdate":false,"showSkybox":true,"showFlares":true,"showImageEffects":true,"showParticleSystems":true,"showVisualEffectGraphs":true},"in2DMode":false,"pivot":{"x":-0.45603156089782717,"y":-1.613854169845581,"z":0.3698759078979492},"rotation":{"x":-0.0363844595849514,"y":0.9355195164680481,"z":-0.33652716875076296,"w":-0.10114593803882599},"size":10.367921829223633,"orthographic":false}