{"cameraMode":{"drawMode":0,"name":"Shaded","section":"Shading Mode"},"sceneLighting":true,"audioPlay":false,"sceneViewState":{"showFog":true,"showMaterialUpdate":false,"showSkybox":true,"showFlares":true,"showImageEffects":true,"showParticleSystems":true,"showVisualEffectGraphs":true},"in2DMode":false,"pivot":{"x":4.632617950439453,"y":3.5886850357055666,"z":1.9482091665267945},"rotation":{"x":-0.09124473482370377,"y":0.8624851107597351,"z":-0.1679396629333496,"w":-0.468604177236557},"size":2.8578836917877199,"orthographic":false}