{"cameraMode":{"drawMode":0,"name":"Shaded","section":"Shading Mode"},"sceneLighting":true,"audioPlay":false,"sceneViewState":{"showFog":true,"showMaterialUpdate":false,"showSkybox":true,"showFlares":true,"showImageEffects":true,"showParticleSystems":true,"showVisualEffectGraphs":true},"in2DMode":false,"pivot":{"x":2.2629401683807375,"y":-0.0076787471771240238,"z":-0.7061454057693481},"rotation":{"x":0.020331094041466714,"y":0.9695319533348084,"z":-0.2283492237329483,"w":0.08632238954305649},"size":2.8578836917877199,"orthographic":false}