{"cameraMode":{"drawMode":0,"name":"Shaded","section":"Shading Mode"},"sceneLighting":true,"audioPlay":false,"sceneViewState":{"showFog":true,"showMaterialUpdate":false,"showSkybox":true,"showFlares":true,"showImageEffects":true,"showParticleSystems":true,"showVisualEffectGraphs":true},"in2DMode":false,"pivot":{"x":0.8327398300170898,"y":-0.016295909881591798,"z":-0.7674192190170288},"rotation":{"x":-0.2645232379436493,"y":0.639422595500946,"z":-0.24970898032188416,"w":-0.6773574948310852},"size":6.1578850746154789,"orthographic":false}