{"cameraMode":{"drawMode":0,"name":"Shaded","section":"Shading Mode"},"sceneLighting":true,"audioPlay":false,"sceneViewState":{"showFog":true,"showMaterialUpdate":false,"showSkybox":true,"showFlares":true,"showImageEffects":true,"showParticleSystems":true,"showVisualEffectGraphs":true},"in2DMode":false,"pivot":{"x":5.79210901260376,"y":4.701423168182373,"z":-9.654359817504883},"rotation":{"x":-0.07789002358913422,"y":-0.0934799313545227,"z":0.007301833014935255,"w":-0.9925692677497864},"size":2.8578836917877199,"orthographic":false}