{"cameraMode":{"drawMode":0,"name":"Shaded","section":"Shading Mode"},"sceneLighting":true,"audioPlay":false,"sceneViewState":{"showFog":true,"showMaterialUpdate":false,"showSkybox":true,"showFlares":true,"showImageEffects":true,"showParticleSystems":true,"showVisualEffectGraphs":true},"in2DMode":false,"pivot":{"x":0.7473964691162109,"y":-1.8151154518127442,"z":3.1320581436157228},"rotation":{"x":-0.27854999899864199,"y":-0.015294111333787442,"z":0.00434926338493824,"w":-0.9603259563446045},"size":11.131034851074219,"orthographic":false}